site;plot;transect_range;treatment;species;girth_cm;diameter_cm;notes
Rya åsar;NO;80-92;thinned;Sorbus aucuparia;24;7,639443721;
Rya åsar;NO;80-92;thinned;Sorbus aucuparia;21;6,684513256;
Rya åsar;NO;80-92;thinned;Frangula alnus;16;5,092962481;
Rya åsar;NO;80-92;thinned;Frangula alnus;16;5,092962481;
Rya åsar;NO;80-92;thinned;Frangula alnus;18;5,729582791;
Rya åsar;NO;80-92;thinned;Sorbus aucuparia;69;21,9634007;
Rya åsar;NO;80-92;thinned;Sorbus aucuparia;18;5,729582791;
Rya åsar;NO;80-92;thinned;Quercus sp.;147;46,79159279;
Rya åsar;NO;80-92;thinned;Frangula alnus;17;5,411272636;
Rya åsar;NO;80-92;thinned;Quercus sp.;148;47,10990295;
Rya åsar;NO;80-92;thinned;Frangula alnus;17;5,411272636;in exclosure
Rya åsar;NO;80-92;thinned;Quercus sp.;153;48,70145372;in exclosure
Rya åsar;NO;80-92;thinned;Frangula alnus;17;5,411272636;
Rya åsar;NO;80-92;thinned;Frangula alnus;16;5,092962481;
Rya åsar;NO;80-92;thinned;Frangula alnus;17;5,411272636;in exclosure
Rya åsar;NO;80-92;thinned;Frangula alnus;21;6,684513256;in exclosure
Rya åsar;NO;80-92;thinned;Frangula alnus;17;5,411272636;in exclosure
Rya åsar;NO;80-92;thinned;Frangula alnus;16;5,092962481;in exclosure
Rya åsar;NO;80-92;thinned;Frangula alnus;21;6,684513256;in exclosure
Rya åsar;NO;80-92;thinned;Frangula alnus;23;7,321133566;in exclosure
Rya åsar;NO;80-92;thinned;Frangula alnus;16;5,092962481;in exclosure
Rya åsar;NO;80-92;thinned;Corylus avellana;17;5,411272636;in exclosure
Rya åsar;NO;80-92;thinned;Frangula alnus;18;5,729582791;in exclosure
Rya åsar;NO;80-92;thinned;Frangula alnus;18;5,729582791;in exclosure
Rya åsar;NO;80-92;thinned;Quercus sp.;194;61,75217008;in exclosure
Rya åsar;NO;80-92;thinned;Frangula alnus;16;5,092962481;
Rya åsar;NO;80-92;thinned;Sorbus aucuparia;81;25,78312256;
Rya åsar;NO;80-92;thinned;Quercus sp.;255;81,16908954;
Rya åsar;NO;80-92;thinned;Sorbus aucuparia;33;10,50423512;
Rya åsar;NO;80-92;thinned;Fagus sylvatica;42;13,36902651;
Rya åsar;NO;80-92;thinned;Frangula alnus;18;5,729582791;
Rya åsar;NO;80-92;thinned;Frangula alnus;17;5,411272636;
Rya åsar;NO;80-92;thinned;Sorbus aucuparia;23;7,321133566;
Rya åsar;NO;80-92;thinned;Betula sp.;30;9,549304651;
Rya åsar;NO;80-92;thinned;Sorbus aucuparia;28;8,912684341;
Rya åsar;NO;80-92;thinned;Tilia cordata;24;7,639443721;
Rya åsar;NO;80-92;thinned;Sorbus aucuparia;20;6,366203101;
Rya åsar;NO;80-92;thinned;Frangula alnus;21;6,684513256;
Rya åsar;NO;80-92;thinned;Sorbus aucuparia;29;9,230994496;
Rya åsar;NO;80-92;thinned;Sorbus aucuparia;24;7,639443721;
Rya åsar;NO;80-92;thinned;Quercus sp.;230;73,21133566;
Rya åsar;NO;80-92;thinned;Corylus avellana;16;5,092962481;
Rya åsar;NO;80-92;thinned;Corylus avellana;16;5,092962481;
Rya åsar;NO;80-92;thinned;Corylus avellana;16;5,092962481;
Rya åsar;NO;80-92;thinned;Sorbus aucuparia;58;18,46198899;
Rya åsar;NO;80-92;thinned;Tilia cordata;111;35,33242721;
Rya åsar;NO;80-92;thinned;Quercus sp.;167;53,15779589;
Rya åsar;NO;80-92;thinned;Sorbus aucuparia;17;5,411272636;
Rya åsar;NO;80-92;thinned;Frangula alnus;23;7,321133566;
Rya åsar;NO;80-92;thinned;Frangula alnus;19;6,047892946;
Rya åsar;NO;80-92;thinned;Frangula alnus;16;5,092962481;
Rya åsar;NO;80-92;thinned;Frangula alnus;17;5,411272636;
Rya åsar;NO;80-92;thinned;Frangula alnus;18;5,729582791;
Rya åsar;NO;80-92;thinned;Sorbus aucuparia;65;20,69016008;
Rya åsar;NO;80-92;thinned;Quercus sp.;212;67,48175287;
Rya åsar;NO;80-92;thinned;Quercus sp.;184;58,56906853;
Rya åsar;NO;80-92;thinned;Acer platanoides;44;14,00564682;
Rya åsar;SV;48-60;control;Alnus glutinosa;109;34,6958069;
Rya åsar;SV;48-60;control;Acer platanoides;68;21,64509054;
Rya åsar;SV;48-60;control;Sorbus aucuparia;22;7,002823411;
Rya åsar;SV;48-60;control;Corylus avellana;19;6,047892946;
Rya åsar;SV;48-60;control;Corylus avellana;19;6,047892946;
Rya åsar;SV;48-60;control;Sorbus aucuparia;34;10,82254527;
Rya åsar;SV;48-60;control;Quercus sp.;145;46,15497248;
Rya åsar;SV;48-60;control;Picea abies;45;14,32395698;
Rya åsar;SV;48-60;control;Picea abies;61;19,41691946;
Rya åsar;SV;48-60;control;Picea abies;30;9,549304651;
Rya åsar;SV;48-60;control;Corylus avellana;16;5,092962481;
Rya åsar;SV;48-60;control;Corylus avellana;19;6,047892946;
Rya åsar;SV;48-60;control;Corylus avellana;21;6,684513256;
Rya åsar;SV;48-60;control;Corylus avellana;18;5,729582791;
Rya åsar;SV;48-60;control;Alnus glutinosa;40;12,7324062;
Rya åsar;SV;48-60;control;Sorbus aucuparia;18;5,729582791;
Rya åsar;SV;48-60;control;Sorbus aucuparia;29;9,230994496;
Rya åsar;SV;48-60;control;Quercus sp.;214;68,11837318;
Rya åsar;SV;48-60;control;Quercus sp.;110;35,01411706;
Rya åsar;SV;48-60;control;Sorbus aucuparia;59;18,78029915;lutar på ek 214cm
Rya åsar;SV;48-60;control;Picea abies;72;22,91833116;
Rya åsar;SV;48-60;control;Quercus sp.;92;29,28453426;
Rya åsar;SV;48-60;control;Picea abies;55;17,50705853;
Rya åsar;SV;48-60;control;Sorbus aucuparia;97;30,87608504;skadad som gör den tjockare
Rya åsar;SV;48-60;control;Picea abies;70;22,28171085;
Rya åsar;SV;48-60;control;Corylus avellana;22;7,002823411;
Rya åsar;SV;48-60;control;Quercus sp.;119;37,87890845;
Rya åsar;SV;48-60;control;Corylus avellana;16;5,092962481;
Rya åsar;SV;48-60;control;Corylus avellana;28;8,912684341;
Rya åsar;SV;48-60;control;Fagus sylvatica;21;6,684513256;
Rya åsar;SV;48-60;control;Corylus avellana;17;5,411272636;
Rya åsar;SV;48-60;control;Corylus avellana;18;5,729582791;
Rya åsar;SV;48-60;control;Corylus avellana;20;6,366203101;
Rya åsar;SV;48-60;control;Corylus avellana;29;9,230994496;
Rya åsar;SV;48-60;control;Corylus avellana;23;7,321133566;
Rya åsar;SV;48-60;control;Alnus glutinosa;55;17,50705853;
Rya åsar;SV;48-60;control;Corylus avellana;20;6,366203101;
Rya åsar;SV;48-60;control;Corylus avellana;24;7,639443721;
Rya åsar;SV;48-60;control;Picea abies;71;22,60002101;
Rya åsar;SV;48-60;control;Alnus glutinosa;32;10,18592496;
Rya åsar;SV;48-60;control;Betula sp.;109;34,6958069;det är en björk (väldigt tvärstrimmigt bark kolla inaturalist)
Rya åsar;SV;48-60;control;Quercus sp.;120;38,19721861;
Rya åsar;SV;48-60;control;Picea abies;50;15,91550775;
Rya åsar;SV;48-60;control;Corylus avellana;19;6,047892946;
Rya åsar;SV;48-60;control;Corylus avellana;30;9,549304651;
Rya åsar;SV;48-60;control;Corylus avellana;25;7,957753876;
Rya åsar;SV;48-60;control;Corylus avellana;21;6,684513256;
Rya åsar;SV;48-60;control;Corylus avellana;24;7,639443721;
Rya åsar;SV;48-60;control;Corylus avellana;19;6,047892946;
Rya åsar;SV;48-60;control;Corylus avellana;18;5,729582791;
Rya åsar;SV;48-60;control;Corylus avellana;17;5,411272636;
Rya åsar;SV;48-60;control;Sorbus aucuparia;16;5,092962481;
Rya åsar;SV;48-60;control;Sorbus aucuparia;82;26,10143271;lutar, levande gren
Rya åsar;SV;48-60;control;Sorbus aucuparia;41;13,05071636;
Rya åsar;SV;48-60;control;Picea abies;119;37,87890845;
Rya åsar;SV;48-60;control;Picea abies;102;32,46763581;
Rya åsar;SV;48-60;control;Quercus sp.;73;23,23664132;
Rya åsar;SV;48-60;control;Quercus sp.;99;31,51270535;
Rya åsar;SV;48-60;control;Quercus sp.;104;33,10425613;
Rya åsar;SV;48-60;control;Sorbus aucuparia;20;6,366203101;
Rya åsar;SV;48-60;control;Quercus sp.;70;22,28171085;
Rya åsar;SV;48-60;control;Sorbus aucuparia;30;9,549304651;
Rya åsar;SV;48-60;control;Sorbus aucuparia;22;7,002823411;
Rya åsar;SV;48-60;control;Sorbus aucuparia;55;17,50705853;
Rya åsar;SV;48-60;control;Sorbus aucuparia;75;23,87326163;
Rya åsar;SV;48-60;control;Quercus sp.;111;35,33242721;
Rya åsar;SV;48-60;control;Sorbus aucuparia;49;15,5971976;
Rya åsar;SV;48-60;control;Quercus sp.;97;30,87608504;
Rya åsar;SV;48-60;control;Sorbus aucuparia;19;6,047892946;
Rya åsar;SV;48-60;control;Sorbus aucuparia;21;6,684513256;
Rya åsar;SV;48-60;control;Sorbus aucuparia;17;5,411272636;
Rya åsar;SV;48-60;control;Fagus sylvatica;42;13,36902651;
Rya åsar;SV;48-60;control;Fagus sylvatica;45;14,32395698;
Rya åsar;SV;48-60;control;Sorbus aucuparia;20;6,366203101;
Rya åsar;SV;48-60;control;Sorbus aucuparia;27;8,594374186;
Rya åsar;SV;48-60;control;Sorbus aucuparia;17;5,411272636;
Rya åsar;SV;48-60;control;Fagus sylvatica;19;6,047892946;
Rya åsar;SV;48-60;control;Betula sp.;153;48,70145372;
Rya åsar;SV;48-60;control;Quercus sp.;87;27,69298349;
Rya åsar;SV;48-60;control;Picea abies;293;93,26487543;
Rya åsar;SV;48-60;control;Sorbus aucuparia;20;6,366203101;
Rya åsar;SV;48-60;control;Quercus sp.;115;36,60566783;
Karla;SO;48-60;thinned;Quercus sp.;92;29,28453426;
Karla;SO;48-60;thinned;Quercus sp.;37;11,77747574;
Karla;SO;48-60;thinned;Quercus sp.;175;55,70427713;in exclosure
Karla;SO;48-60;thinned;Quercus sp.;36;11,45916558;in exclosure, half dead
Karla;SO;48-60;thinned;Sorbus aucuparia;16;5,092962481;in exclosure
Karla;SO;48-60;thinned;Sorbus aucuparia;21;6,684513256;
Karla;SO;48-60;thinned;Quercus sp.;44;14,00564682;
Karla;SO;48-60;thinned;Sorbus intermedia;20;6,366203101;
Karla;SO;48-60;thinned;Sorbus intermedia;19;6,047892946;
Karla;SO;48-60;thinned;Sorbus aucuparia;23;7,321133566;
Karla;SO;48-60;thinned;Quercus sp.;129;41,06201;
Karla;SO;48-60;thinned;Sorbus aucuparia;18;5,729582791;
Karla;SO;48-60;thinned;Quercus sp.;30;9,549304651;
Karla;SO;48-60;thinned;Quercus sp.;111;35,33242721;
Karla;SO;48-60;thinned;Sorbus aucuparia;16;5,092962481;
Karla;SO;48-60;thinned;Quercus sp.;110;35,01411706;
Karla;SO;48-60;thinned;Quercus sp.;30;9,549304651;
Karla;SO;48-60;thinned;Sorbus aucuparia;34;10,82254527;
Karla;SO;48-60;thinned;Sorbus aucuparia;34;10,82254527;branch below 65
Karla;SO;48-60;thinned;Sorbus aucuparia;19;6,047892946;branch bl 65
Karla;SO;48-60;thinned;Quercus sp.;86;27,37467333;
Karla;SO;48-60;thinned;Quercus sp.;94;29,92115457;
Karla;SO;48-60;thinned;Sorbus aucuparia;36;11,45916558;
Karla;SO;48-60;thinned;Acer platanoides;31;9,867614807;
Karla;SO;48-60;thinned;Quercus sp.;51;16,23381791;
Karla;SO;48-60;thinned;Quercus sp.;81;25,78312256;
Karla;SO;48-60;thinned;Quercus sp.;21;6,684513256;
Karla;SO;48-60;thinned;Sorbus aucuparia;58;18,46198899;
Karla;SO;48-60;thinned;Populus tremula;106;33,74087644;
Karla;SO;48-60;thinned;Quercus sp.;43;13,68733667;
Karla;SO;48-60;thinned;Picea abies;20;6,366203101;
Karla;SO;48-60;thinned;Picea abies;21;6,684513256;
Karla;SO;48-60;thinned;Quercus sp.;53;16,87043822;
Karla;SO;48-60;thinned;Sorbus aucuparia;31;9,867614807;
Karla;SO;48-60;thinned;Quercus sp.;127;40,42538969;
Karla;SO;48-60;thinned;Quercus sp.;33;10,50423512;
Karla;SO;48-60;thinned;Quercus sp.;61;19,41691946;
Karla;SO;48-60;thinned;Quercus sp.;67;21,32678039;
Karla;SO;48-60;thinned;Sorbus aucuparia;22;7,002823411;
Karla;SO;48-60;thinned;Sorbus aucuparia;35;11,14085543;
Karla;SO;48-60;thinned;Sorbus aucuparia;30;9,549304651;
Karla;SO;48-60;thinned;Quercus sp.;71;22,60002101;
Karla;SO;48-60;thinned;Sorbus aucuparia;28;8,912684341;
Karla;SO;48-60;thinned;Sorbus aucuparia;16;5,092962481;
Karla;SO;48-60;thinned;Quercus sp.;35;11,14085543;
Karla;SO;48-60;thinned;Sorbus aucuparia;28;8,912684341;
Karla;SO;48-60;thinned;Acer platanoides;26;8,276064031;
Karla;SO;48-60;thinned;Populus tremula;157;49,97469434;det är en asp (se 20251114_123559)
Karla;SO;48-60;thinned;Sorbus aucuparia;17;5,411272636;
Karla;SO;48-60;thinned;Sorbus aucuparia;17;5,411272636;
Karla;SO;48-60;thinned;Quercus sp.;113;35,96904752;
Karla;SO;48-60;thinned;Sorbus aucuparia;27;8,594374186;
Karla;SO;48-60;thinned;Sorbus aucuparia;25;7,957753876;
Karla;SO;48-60;thinned;Sorbus aucuparia;24;7,639443721;
Karla;SO;48-60;thinned;Quercus sp.;48;15,27888744;
Karla;SO;48-60;thinned;Sorbus aucuparia;24;7,639443721;
Karla;SO;48-60;thinned;Sorbus aucuparia;27;8,594374186;
Karla;SO;48-60;thinned;Quercus sp.;26;8,276064031;
Karla;SO;48-60;thinned;Quercus sp.;44;14,00564682;
Karla;SO;48-60;thinned;Populus tremula;70;22,28171085;
Karla;SO;48-60;thinned;Populus tremula;190;60,47892946;
Karla;SO;48-60;thinned;Quercus sp.;26;8,276064031;
Karla;SO;48-60;thinned;Populus tremula;171;54,43103651;
Karla;SO;48-60;thinned;Betula sp.;131;41,69863031;
Karla;SO;48-60;thinned;Sorbus aucuparia;39;12,41409605;
Karla;SO;48-60;thinned;Populus tremula;134;42,65356078;
Karla;SO;48-60;thinned;Quercus sp.;22;7,002823411;
Karla;SO;48-60;thinned;Betula sp.;134;42,65356078;
Karla;SO;48-60;thinned;Populus tremula;187;59,52399899;
Karla;SO;48-60;thinned;Salix sp.;20;6,366203101;in exclosure, a bit unsure about species
Karla;SO;48-60;thinned;Betula sp.;16;5,092962481;in exclosure
Karla;SO;48-60;thinned;Acer platanoides;20;6,366203101;in exclosure
Karla;SO;48-60;thinned;Salix sp.;22;7,002823411;in exclosure, a bit unsure about species
Karla;SO;48-60;thinned;Salix sp.;23;7,321133566;in exclosure, a bit unsure about species
Karla;SO;48-60;thinned;Sorbus aucuparia;16;5,092962481;in exclosure
Karla;SO;48-60;thinned;Sorbus aucuparia;23;7,321133566;in exclosure
Karla;SO;48-60;thinned;Sorbus aucuparia;16;5,092962481;in exclosure
Karla;SO;48-60;thinned;Sorbus aucuparia;18;5,729582791;in exclosure
Karla;SO;48-60;thinned;Sorbus aucuparia;21;6,684513256;in exclosure
Karla;SO;48-60;thinned;Sorbus aucuparia;20;6,366203101;in exclosure
Karla;SO;48-60;thinned;Sorbus aucuparia;17;5,411272636;in exclosure
Karla;SO;48-60;thinned;Sorbus aucuparia;17;5,411272636;in exclosure
Karla;NV;38-50;control;Quercus sp.;99;31,51270535;
Karla;NV;38-50;control;Quercus sp.;47;14,96057729;
Karla;NV;38-50;control;Betula sp.;20;6,366203101;
Karla;NV;38-50;control;Betula sp.;24;7,639443721;
Karla;NV;38-50;control;Quercus sp.;150;47,74652326;
Karla;NV;38-50;control;Betula sp.;31;9,867614807;
Karla;NV;38-50;control;Quercus sp.;143;45,51835217;
Karla;NV;38-50;control;Betula sp.;34;10,82254527;
Karla;NV;38-50;control;Quercus sp.;161;51,24793496;
Karla;NV;38-50;control;Quercus sp.;186;59,20568884;
Karla;NV;38-50;control;Quercus sp.;48;15,27888744;
Karla;NV;38-50;control;Sorbus aucuparia;23;7,321133566;
Karla;NV;38-50;control;Betula sp.;23;7,321133566;
Karla;NV;38-50;control;Quercus sp.;159;50,61131465;
Karla;NV;38-50;control;Quercus sp.;44;14,00564682;
Karla;NV;38-50;control;Betula sp.;32;10,18592496;
Karla;NV;38-50;control;Betula sp.;34;10,82254527;missing crown
Karla;NV;38-50;control;Quercus sp.;25;7,957753876;
Karla;NV;38-50;control;Frangula alnus;17;5,411272636;
Karla;NV;38-50;control;Quercus sp.;50;15,91550775;
Karla;NV;38-50;control;Quercus sp.;41;13,05071636;
Karla;NV;38-50;control;Quercus sp.;60;19,0986093;
Karla;NV;38-50;control;Quercus sp.;48;15,27888744;
Karla;NV;38-50;control;Quercus sp.;40;12,7324062;
Karla;NV;38-50;control;Quercus sp.;72;22,91833116;
Karla;NV;38-50;control;Quercus sp.;58;18,46198899;
Karla;NV;38-50;control;Sorbus aucuparia;36;11,45916558;
Karla;NV;38-50;control;Quercus sp.;160;50,92962481;
Karla;NV;38-50;control;Quercus sp.;48;15,27888744;
Karla;NV;38-50;control;Quercus sp.;125;39,78876938;
Karla;NV;38-50;control;Sorbus aucuparia;56;17,82536868;
Karla;NV;38-50;control;Sorbus aucuparia;24;7,639443721;
Karla;NV;38-50;control;Picea abies;19;6,047892946;
Karla;NV;38-50;control;Quercus sp.;36;11,45916558;
Karla;NV;38-50;control;Quercus sp.;70;22,28171085;
Karla;NV;38-50;control;Sorbus aucuparia;66;21,00847023;
Karla;NV;38-50;control;Sorbus aucuparia;35;11,14085543;
Karla;NV;38-50;control;Quercus sp.;36;11,45916558;
Karla;NV;38-50;control;Sorbus aucuparia;32;10,18592496;
Karla;NV;38-50;control;Sorbus aucuparia;46;14,64226713;
Karla;NV;38-50;control;Quercus sp.;160;50,92962481;
Karla;NV;38-50;control;Quercus sp.;85;27,05636318;
Karla;NV;38-50;control;Frangula alnus;17;5,411272636;
Karla;NV;38-50;control;Betula sp.;32;10,18592496;
Karla;NV;38-50;control;Populus tremula;99;31,51270535;
Karla;NV;38-50;control;Frangula alnus;18;5,729582791;
Karla;NV;38-50;control;Populus tremula;134;42,65356078;
Karla;NV;38-50;control;Quercus sp.;21;6,684513256;
Karla;NV;38-50;control;Sorbus aucuparia;51;16,23381791;
Karla;NV;38-50;control;Betula sp.;130;41,38032016;no canopy, few small branches
Karla;NV;38-50;control;Quercus sp.;25;7,957753876;
Karla;NV;38-50;control;Betula sp.;66;21,00847023;
Karla;NV;38-50;control;Quercus sp.;40;12,7324062;
Karla;NV;38-50;control;Sorbus aucuparia;50;15,91550775;
Karla;NV;38-50;control;Picea abies;26;8,276064031;
Karla;NV;38-50;control;Alnus glutinosa;95;30,23946473;
Skölvene;Ö;50-60;thinned;Quercus sp.;129;41,06201;
Skölvene;Ö;50-60;thinned;Corylus avellana;24;7,639443721;
Skölvene;Ö;50-60;thinned;Corylus avellana;23;7,321133566;
Skölvene;Ö;50-60;thinned;Corylus avellana;16;5,092962481;
Skölvene;Ö;50-60;thinned;Corylus avellana;21;6,684513256;
Skölvene;Ö;50-60;thinned;Corylus avellana;18;5,729582791;
Skölvene;Ö;50-60;thinned;Corylus avellana;20;6,366203101;
Skölvene;Ö;50-60;thinned;Corylus avellana;16;5,092962481;
Skölvene;Ö;50-60;thinned;Corylus avellana;21;6,684513256;
Skölvene;Ö;50-60;thinned;Corylus avellana;23;7,321133566;
Skölvene;Ö;50-60;thinned;Corylus avellana;21;6,684513256;
Skölvene;Ö;50-60;thinned;Corylus avellana;19;6,047892946;
Skölvene;Ö;50-60;thinned;Corylus avellana;22;7,002823411;
Skölvene;Ö;50-60;thinned;Corylus avellana;27;8,594374186;
Skölvene;Ö;50-60;thinned;Corylus avellana;16;5,092962481;
Skölvene;Ö;50-60;thinned;Corylus avellana;18;5,729582791;
Skölvene;Ö;50-60;thinned;Corylus avellana;23;7,321133566;
Skölvene;Ö;50-60;thinned;Corylus avellana;16;5,092962481;
Skölvene;Ö;50-60;thinned;Corylus avellana;24;7,639443721;
Skölvene;Ö;50-60;thinned;Corylus avellana;24;7,639443721;
Skölvene;Ö;50-60;thinned;Corylus avellana;23;7,321133566;
Skölvene;Ö;50-60;thinned;Corylus avellana;25;7,957753876;
Skölvene;Ö;50-60;thinned;Corylus avellana;19;6,047892946;
Skölvene;Ö;50-60;thinned;Corylus avellana;18;5,729582791;
Skölvene;Ö;50-60;thinned;Corylus avellana;20;6,366203101;
Skölvene;Ö;50-60;thinned;Corylus avellana;19;6,047892946;
Skölvene;Ö;50-60;thinned;Corylus avellana;19;6,047892946;
Skölvene;Ö;50-60;thinned;Corylus avellana;18;5,729582791;
Skölvene;Ö;50-60;thinned;Corylus avellana;23;7,321133566;
Skölvene;Ö;50-60;thinned;Corylus avellana;34;10,82254527;
Skölvene;Ö;50-60;thinned;Corylus avellana;36;11,45916558;
Skölvene;Ö;50-60;thinned;Corylus avellana;24;7,639443721;
Skölvene;Ö;50-60;thinned;Corylus avellana;24;7,639443721;
Skölvene;Ö;50-60;thinned;Corylus avellana;27;8,594374186;
Skölvene;Ö;50-60;thinned;Corylus avellana;27;8,594374186;
Skölvene;Ö;50-60;thinned;Corylus avellana;18;5,729582791;
Skölvene;Ö;50-60;thinned;Corylus avellana;29;9,230994496;
Skölvene;Ö;50-60;thinned;Corylus avellana;16;5,092962481;
Skölvene;Ö;50-60;thinned;Corylus avellana;28;8,912684341;
Skölvene;Ö;50-60;thinned;Quercus sp.;49;15,5971976;
Skölvene;Ö;50-60;thinned;Quercus sp.;24;7,639443721;
Skölvene;Ö;50-60;thinned;Quercus sp.;31;9,867614807;
Skölvene;Ö;50-60;thinned;Quercus sp.;16;5,092962481;
Skölvene;Ö;50-60;thinned;Corylus avellana;18;5,729582791;
Skölvene;Ö;50-60;thinned;Corylus avellana;18;5,729582791;
Skölvene;Ö;50-60;thinned;Corylus avellana;20;6,366203101;
Skölvene;Ö;50-60;thinned;Populus tremula;175;55,70427713;
Skölvene;Ö;50-60;thinned;Betula sp.;17;5,411272636;
Skölvene;Ö;50-60;thinned;Quercus sp.;23;7,321133566;
Skölvene;Ö;50-60;thinned;Alnus glutinosa;89;28,3296038;
Skölvene;Ö;50-60;thinned;Quercus sp.;133;42,33525062;
Skölvene;Ö;50-60;thinned;Alnus glutinosa;87;27,69298349;
Skölvene;Ö;50-60;thinned;Corylus avellana;16;5,092962481;
Skölvene;Ö;50-60;thinned;Corylus avellana;16;5,092962481;
Skölvene;Ö;50-60;thinned;Corylus avellana;16;5,092962481;
Skölvene;Ö;50-60;thinned;Alnus glutinosa;21;6,684513256;
Skölvene;Ö;50-60;thinned;Corylus avellana;21;6,684513256;
Skölvene;Ö;50-60;thinned;Corylus avellana;18;5,729582791;
Skölvene;Ö;50-60;thinned;Corylus avellana;17;5,411272636;
Skölvene;Ö;50-60;thinned;Corylus avellana;16;5,092962481;
Skölvene;Ö;50-60;thinned;Corylus avellana;34;10,82254527;
Skölvene;Ö;50-60;thinned;Picea abies;16;5,092962481;
Skölvene;Ö;50-60;thinned;Alnus glutinosa;103;32,78594597;
Skölvene;Ö;50-60;thinned;Corylus avellana;17;5,411272636;
Skölvene;Ö;50-60;thinned;Picea abies;18;5,729582791;
Skölvene;Ö;50-60;thinned;Corylus avellana;19;6,047892946;
Skölvene;Ö;50-60;thinned;Corylus avellana;19;6,047892946;
Skölvene;Ö;50-60;thinned;Betula sp.;28;8,912684341;
Skölvene;Ö;50-60;thinned;Quercus sp.;200;63,66203101;
Skölvene;Ö;50-60;thinned;Betula sp.;43;13,68733667;
Skölvene;Ö;50-60;thinned;Quercus sp.;124;39,47045923;
Skölvene;Ö;50-60;thinned;Quercus sp.;179;56,97751775;
Skölvene;Ö;50-60;thinned;Betula sp.;44;14,00564682;
Skölvene;Ö;50-60;thinned;Betula sp.;44;14,00564682;
Skölvene;Ö;50-60;thinned;Betula sp.;24;7,639443721;
Skölvene;Ö;50-60;thinned;Corylus avellana;28;8,912684341;
Skölvene;Ö;50-60;thinned;Corylus avellana;19;6,047892946;
Skölvene;Ö;50-60;thinned;Corylus avellana;24;7,639443721;
Skölvene;Ö;50-60;thinned;Sorbus aucuparia;47;14,96057729;
Skölvene;Ö;50-60;thinned;Betula sp.;42;13,36902651;
Skölvene;Ö;50-60;thinned;Corylus avellana;17;5,411272636;
Skölvene;Ö;50-60;thinned;Corylus avellana;19;6,047892946;
Skölvene;Ö;50-60;thinned;Corylus avellana;18;5,729582791;
Skölvene;Ö;50-60;thinned;Betula sp.;42;13,36902651;
Skölvene;Ö;50-60;thinned;Quercus sp.;190;60,47892946;
Skölvene;Ö;50-60;thinned;Quercus sp.;68;21,64509054;
Skölvene;Ö;50-60;thinned;Corylus avellana;18;5,729582791;
Skölvene;Ö;50-60;thinned;Corylus avellana;22;7,002823411;
Skölvene;Ö;50-60;thinned;Quercus sp.;84;26,73805302;
Skölvene;Ö;50-60;thinned;Sorbus aucuparia;34;10,82254527;
Skölvene;Ö;50-60;thinned;Betula sp.;66;21,00847023;
Skölvene;V;50-60;control;Sorbus aucuparia;29;9,230994496;
Skölvene;V;50-60;control;Sorbus aucuparia;32;10,18592496;
Skölvene;V;50-60;control;Sorbus aucuparia;27;8,594374186;
Skölvene;V;50-60;control;Picea abies;52;16,55212806;
Skölvene;V;50-60;control;Quercus sp.;104;33,10425613;
Skölvene;V;50-60;control;Corylus avellana;20;6,366203101;
Skölvene;V;50-60;control;Corylus avellana;21;6,684513256;
Skölvene;V;50-60;control;Corylus avellana;22;7,002823411;
Skölvene;V;50-60;control;Corylus avellana;20;6,366203101;
Skölvene;V;50-60;control;Corylus avellana;20;6,366203101;
Skölvene;V;50-60;control;Corylus avellana;19;6,047892946;
Skölvene;V;50-60;control;Quercus sp.;136;43,29018109;
Skölvene;V;50-60;control;Corylus avellana;29;9,230994496;
Skölvene;V;50-60;control;Corylus avellana;28;8,912684341;
Skölvene;V;50-60;control;Corylus avellana;18;5,729582791;
Skölvene;V;50-60;control;Quercus sp.;181;57,61413806;
Skölvene;V;50-60;control;Quercus sp.;166;52,83948574;
Skölvene;V;50-60;control;Corylus avellana;17;5,411272636;
Skölvene;V;50-60;control;Corylus avellana;17;5,411272636;
Skölvene;V;50-60;control;Corylus avellana;18;5,729582791;
Skölvene;V;50-60;control;Corylus avellana;22;7,002823411;
Skölvene;V;50-60;control;Corylus avellana;21;6,684513256;
Skölvene;V;50-60;control;Corylus avellana;19;6,047892946;
Skölvene;V;50-60;control;Quercus sp.;133;42,33525062;
Skölvene;V;50-60;control;Corylus avellana;19;6,047892946;
Skölvene;V;50-60;control;Quercus sp.;187;59,52399899;
Skölvene;V;50-60;control;Picea abies;142;45,20004202;broken crown
Skölvene;V;50-60;control;Corylus avellana;21;6,684513256;ligger
Skölvene;V;50-60;control;Quercus sp.;174;55,38596698;
Skölvene;V;50-60;control;Corylus avellana;20;6,366203101;
Skölvene;V;50-60;control;Corylus avellana;16;5,092962481;
Skölvene;V;50-60;control;Corylus avellana;19;6,047892946;
Skölvene;V;50-60;control;Sorbus aucuparia;51;16,23381791;
Skölvene;V;50-60;control;Sorbus aucuparia;30;9,549304651;
Skölvene;V;50-60;control;Sorbus aucuparia;70;22,28171085;
Skölvene;V;50-60;control;Corylus avellana;24;7,639443721;
Skölvene;V;50-60;control;Betula sp.;88;28,01129364;
Skölvene;V;50-60;control;Betula sp.;95;30,23946473;
Skölvene;V;50-60;control;Corylus avellana;21;6,684513256;
Skölvene;V;50-60;control;Corylus avellana;22;7,002823411;
Skölvene;V;50-60;control;Alnus glutinosa;86;27,37467333;
Skölvene;V;50-60;control;Alnus glutinosa;79;25,14650225;
Skölvene;V;50-60;control;Alnus glutinosa;107;34,05918659;
Skölvene;V;50-60;control;Sorbus aucuparia;77;24,50988194;
Skölvene;V;50-60;control;Sorbus aucuparia;36;11,45916558;
Skölvene;V;50-60;control;Alnus glutinosa;85;27,05636318;
Skölvene;V;50-60;control;Picea abies;74;23,55495147;
Skölvene;V;50-60;control;Alnus glutinosa;87;27,69298349;
Skölvene;V;50-60;control;Alnus glutinosa;85;27,05636318;
Skölvene;V;50-60;control;Alnus glutinosa;92;29,28453426;
Skölvene;V;50-60;control;Sorbus aucuparia;36;11,45916558;
Skölvene;V;50-60;control;Corylus avellana;30;9,549304651;
Skölvene;V;50-60;control;Corylus avellana;23;7,321133566;
Skölvene;V;50-60;control;Corylus avellana;20;6,366203101;
Skölvene;V;50-60;control;Corylus avellana;16;5,092962481;
Skölvene;V;50-60;control;Corylus avellana;22;7,002823411;
Skölvene;V;50-60;control;Corylus avellana;26;8,276064031;
Skölvene;V;50-60;control;Corylus avellana;23;7,321133566;
Skölvene;V;50-60;control;Corylus avellana;16;5,092962481;
Skölvene;V;50-60;control;Quercus sp.;160;50,92962481;
Skölvene;V;50-60;control;Quercus sp.;184;58,56906853;
Skölvene;V;50-60;control;Corylus avellana;22;7,002823411;
Skölvene;V;50-60;control;Corylus avellana;20;6,366203101;
Skölvene;V;50-60;control;Corylus avellana;16;5,092962481;
Skölvene;V;50-60;control;Corylus avellana;28;8,912684341;
Skölvene;V;50-60;control;Corylus avellana;22;7,002823411;
Skölvene;V;50-60;control;Corylus avellana;27;8,594374186;
Skölvene;V;50-60;control;Quercus sp.;196;62,38879039;
Skölvene;V;50-60;control;Corylus avellana;17;5,411272636;
Skölvene;V;50-60;control;Corylus avellana;25;7,957753876;
Skölvene;V;50-60;control;Corylus avellana;18;5,729582791;
Skölvene;V;50-60;control;Quercus sp.;158;50,2930045;
Skölvene;V;50-60;control;Alnus glutinosa;87;27,69298349;
Skölvene;V;50-60;control;Alnus glutinosa;18;5,729582791;
Skölvene;V;50-60;control;Alnus glutinosa;31;9,867614807;
Skölvene;V;50-60;control;Alnus glutinosa;116;36,92397799;
Skölvene;V;50-60;control;Alnus glutinosa;156;49,65638419;
Skölvene;V;50-60;control;Corylus avellana;22;7,002823411;
Skölvene;V;50-60;control;Corylus avellana;21;6,684513256;
Skölvene;V;50-60;control;Corylus avellana;20;6,366203101;
Skölvene;V;50-60;control;Corylus avellana;23;7,321133566;
Skölvene;V;50-60;control;Picea abies;28;8,912684341;
Skölvene;V;50-60;control;Corylus avellana;17;5,411272636;
Skölvene;V;50-60;control;Corylus avellana;20;6,366203101;
Skölvene;V;50-60;control;Corylus avellana;21;6,684513256;
Skölvene;V;50-60;control;Corylus avellana;18;5,729582791;
Skölvene;V;50-60;control;Corylus avellana;17;5,411272636;
Skölvene;V;50-60;control;Corylus avellana;17;5,411272636;
Skölvene;V;50-60;control;Corylus avellana;19;6,047892946;
Skölvene;V;50-60;control;Corylus avellana;16;5,092962481;
Skölvene;V;50-60;control;Alnus glutinosa;48;15,27888744;
Skölvene;V;50-60;control;Betula sp.;50;15,91550775;
Skölvene;V;50-60;control;Betula sp.;78;24,82819209;
Skölvene;V;50-60;control;Corylus avellana;16;5,092962481;
Skölvene;V;50-60;control;Corylus avellana;18;5,729582791;
Skölvene;V;50-60;control;Corylus avellana;22;7,002823411;
Skölvene;V;50-60;control;Corylus avellana;22;7,002823411;
Skölvene;V;50-60;control;Corylus avellana;17;5,411272636;
Skölvene;V;50-60;control;Corylus avellana;19;6,047892946;
Skölvene;V;50-60;control;Corylus avellana;19;6,047892946;
Skölvene;V;50-60;control;Corylus avellana;20;6,366203101;
Skölvene;V;50-60;control;Corylus avellana;21;6,684513256;
Skölvene;V;50-60;control;Corylus avellana;18;5,729582791;
Skölvene;V;50-60;control;Betula sp.;21;6,684513256;
Skölvene;V;50-60;control;Betula sp.;23;7,321133566;
Sandviksås;Ö;40-50;thinned;Quercus sp.;89;28,3296038;
Sandviksås;Ö;40-50;thinned;Pinus sylvestris;160;50,92962481;
Sandviksås;Ö;40-50;thinned;Quercus sp.;46;14,64226713;
Sandviksås;Ö;40-50;thinned;Quercus sp.;115;36,60566783;
Sandviksås;Ö;40-50;thinned;Quercus sp.;138;43,9268014;
Sandviksås;Ö;40-50;thinned;Picea abies;21;6,684513256;
Sandviksås;Ö;40-50;thinned;Picea abies;19;6,047892946;
Sandviksås;Ö;40-50;thinned;Picea abies;20;6,366203101;
Sandviksås;Ö;40-50;thinned;Picea abies;17;5,411272636;
Sandviksås;Ö;40-50;thinned;Quercus sp.;86;27,37467333;
Sandviksås;Ö;40-50;thinned;Quercus sp.;31;9,867614807;
Sandviksås;Ö;40-50;thinned;Sorbus aucuparia;82;26,10143271;
Sandviksås;Ö;40-50;thinned;Quercus sp.;181;57,61413806;
Sandviksås;Ö;40-50;thinned;Picea abies;184;58,56906853;
Sandviksås;Ö;40-50;thinned;Alnus glutinosa;119;37,87890845;
Sandviksås;Ö;40-50;thinned;Picea abies;18;5,729582791;
Sandviksås;Ö;40-50;thinned;Populus tremula;54;17,18874837;
Sandviksås;Ö;40-50;thinned;Picea abies;25;7,957753876;
Sandviksås;Ö;40-50;thinned;Populus tremula;58;18,46198899;
Sandviksås;Ö;40-50;thinned;Picea abies;21;6,684513256;
Sandviksås;Ö;40-50;thinned;Picea abies;16;5,092962481;
Sandviksås;Ö;40-50;thinned;Picea abies;17;5,411272636;
Sandviksås;Ö;40-50;thinned;Populus tremula;119;37,87890845;
Sandviksås;Ö;40-50;thinned;Picea abies;25;7,957753876;
Sandviksås;Ö;40-50;thinned;Picea abies;16;5,092962481;
Sandviksås;Ö;40-50;thinned;Picea abies;27;8,594374186;
Sandviksås;Ö;40-50;thinned;Picea abies;24;7,639443721;
Sandviksås;Ö;40-50;thinned;Picea abies;18;5,729582791;
Sandviksås;Ö;40-50;thinned;Populus tremula;174;55,38596698;
Sandviksås;Ö;40-50;thinned;Picea abies;17;5,411272636;
Sandviksås;Ö;40-50;thinned;Sorbus aucuparia;44;14,00564682;
Sandviksås;Ö;40-50;thinned;Quercus sp.;108;34,37749675;
Sandviksås;Ö;40-50;thinned;Picea abies;26;8,276064031;
Sandviksås;Ö;40-50;thinned;Quercus sp.;146;46,47328264;
Sandviksås;Ö;40-50;thinned;Picea abies;39;12,41409605;
Sandviksås;Ö;40-50;thinned;Picea abies;25;7,957753876;
Sandviksås;Ö;40-50;thinned;Populus tremula;89;28,3296038;
Sandviksås;Ö;40-50;thinned;Picea abies;26;8,276064031;
Sandviksås;Ö;40-50;thinned;Picea abies;24;7,639443721;
Sandviksås;Ö;40-50;thinned;Picea abies;19;6,047892946;
Sandviksås;Ö;40-50;thinned;Quercus sp.;26;8,276064031;
Sandviksås;Ö;40-50;thinned;Populus tremula;96;30,55777488;
Sandviksås;Ö;40-50;thinned;Populus tremula;67;21,32678039;
Sandviksås;Ö;40-50;thinned;Picea abies;22;7,002823411;
Sandviksås;Ö;40-50;thinned;Picea abies;18;5,729582791;
Sandviksås;V;50-60;control;Picea abies;26;8,276064031;
Sandviksås;V;50-60;control;Betula sp.;98;31,19439519;
Sandviksås;V;50-60;control;Betula sp.;47;14,96057729;
Sandviksås;V;50-60;control;Betula sp.;40;12,7324062;
Sandviksås;V;50-60;control;Betula sp.;77;24,50988194;
Sandviksås;V;50-60;control;Betula sp.;67;21,32678039;
Sandviksås;V;50-60;control;Betula sp.;26;8,276064031;half dead
Sandviksås;V;50-60;control;Picea abies;29;9,230994496;
Sandviksås;V;50-60;control;Sorbus aucuparia;23;7,321133566;
Sandviksås;V;50-60;control;Betula sp.;105;33,42256628;
Sandviksås;V;50-60;control;Betula sp.;100;31,8310155;
Sandviksås;V;50-60;control;Picea abies;103;32,78594597;
Sandviksås;V;50-60;control;Betula sp.;61;19,41691946;
Sandviksås;V;50-60;control;Picea abies;25;7,957753876;
Sandviksås;V;50-60;control;Picea abies;155;49,33807403;
Sandviksås;V;50-60;control;Picea abies;22;7,002823411;
Sandviksås;V;50-60;control;Sorbus aucuparia;25;7,957753876;half dead
Sandviksås;V;50-60;control;Betula sp.;120;38,19721861;
Sandviksås;V;50-60;control;Quercus sp.;128;40,74369985;
Sandviksås;V;50-60;control;Quercus sp.;132;42,01694047;
Sandviksås;V;50-60;control;Picea abies;91;28,96622411;
Sandviksås;V;50-60;control;Picea abies;133;42,33525062;
Sandviksås;V;50-60;control;Picea abies;137;43,60849124;
Sandviksås;V;50-60;control;Sorbus aucuparia;50;15,91550775;
Sandviksås;V;50-60;control;Quercus sp.;228;72,57471535;2 trunks together, 1 of them Hollow but still alive
Sandviksås;V;50-60;control;Quercus sp.;179;56,97751775;
Sandviksås;V;50-60;control;Sorbus aucuparia;42;13,36902651;
Sandviksås;V;50-60;control;Sorbus aucuparia;51;16,23381791;
Sandviksås;V;50-60;control;Acer platanoides;42;13,36902651;
Sandviksås;V;50-60;control;Acer platanoides;23;7,321133566;
Sandviksås;V;50-60;control;Acer platanoides;36;11,45916558;
Sandviksås;V;50-60;control;Picea abies;42;13,36902651;
Sandviksås;V;50-60;control;Picea abies;27;8,594374186;
Sandviksås;V;50-60;control;Picea abies;38;12,09578589;
Sandviksås;V;50-60;control;Picea abies;17;5,411272636;
Sandviksås;V;50-60;control;Picea abies;146;46,47328264;
Sandviksås;V;50-60;control;Picea abies;70;22,28171085;
Sandviksås;V;50-60;control;Picea abies;132;42,01694047;
Sandviksås;V;50-60;control;Picea abies;66;21,00847023;
Sandviksås;V;50-60;control;Sorbus aucuparia;35;11,14085543;
Sandviksås;V;50-60;control;Quercus sp.;199;63,34372085;
Sandviksås;V;50-60;control;Picea abies;36;11,45916558;
Sandviksås;V;50-60;control;Picea abies;128;40,74369985;
Sandviksås;V;50-60;control;Picea abies;156;49,65638419;
Sandviksås;V;50-60;control;Picea abies;35;11,14085543;
Sandviksås;V;50-60;control;Picea abies;114;36,28735768;
Sandviksås;V;50-60;control;Picea abies;117;37,24228814;
Sandviksås;V;50-60;control;Picea abies;155;49,33807403;
Sandviksås;V;50-60;control;Picea abies;28;8,912684341;
Sandviksås;V;50-60;control;Quercus sp.;187;59,52399899;
Sandviksås;V;50-60;control;Picea abies;17;5,411272636;
Sandviksås;V;50-60;control;Sorbus aucuparia;18;5,729582791;
Sandviksås;V;50-60;control;Picea abies;72;22,91833116;
Sandviksås;V;50-60;control;Picea abies;92;29,28453426;
Sandviksås;V;50-60;control;Picea abies;47;14,96057729;
Sandviksås;V;50-60;control;Quercus sp.;121;38,51552876;
Sandviksås;V;50-60;control;Quercus sp.;98;31,19439519;
Sandviksås;V;50-60;control;Sorbus aucuparia;24;7,639443721;
Sandviksås;V;50-60;control;Picea abies;37;11,77747574;
Sandviksås;V;50-60;control;Picea abies;42;13,36902651;
Sandviksås;V;50-60;control;Quercus sp.;156;49,65638419;
Sandviksås;V;50-60;control;Picea abies;68;21,64509054;
Sandviksås;V;50-60;control;Picea abies;70;22,28171085;
Sandviksås;V;50-60;control;Picea abies;117;37,24228814;
Sandviksås;V;50-60;control;Picea abies;97;30,87608504;
Sandviksås;V;50-60;control;Quercus sp.;110;35,01411706;
Sandviksås;V;50-60;control;Picea abies;58;18,46198899;
Sandviksås;V;50-60;control;Picea abies;36;11,45916558;
Sandviksås;V;50-60;control;Picea abies;122;38,83383892;
Sandviksås;V;50-60;control;Picea abies;84;26,73805302;
Sandviksås;V;50-60;control;Quercus sp.;72;22,91833116;
Sandviksås;V;50-60;control;Quercus sp.;134;42,65356078;
Sandviksås;V;50-60;control;Picea abies;18;5,729582791;
Sandviksås;V;50-60;control;Quercus sp.;124;39,47045923;
Sandviksås;V;50-60;control;Picea abies;126;40,10707954;
Sandviksås;V;50-60;control;Picea abies;61;19,41691946;
Sandviksås;V;50-60;control;Picea abies;44;14,00564682;
Sandviksås;V;50-60;control;Picea abies;28;8,912684341;
Sandviksås;V;50-60;control;Picea abies;32;10,18592496;
Sandviksås;V;50-60;control;Picea abies;65;20,69016008;
Sandviksås;V;50-60;control;Picea abies;63;20,05353977;
Sandviksås;V;50-60;control;Quercus sp.;168;53,47610605;
Sandviksås;V;50-60;control;Picea abies;40;12,7324062;
Sandviksås;V;50-60;control;Picea abies;53;16,87043822;
Sandviksås;V;50-60;control;Picea abies;26;8,276064031;
Sandviksås;V;50-60;control;Picea abies;73;23,23664132;
Östadkulle;Ö;70-82;thinned;Quercus sp.;80;25,4648124;
Östadkulle;Ö;70-82;thinned;Picea abies;21;6,684513256;
Östadkulle;Ö;70-82;thinned;Corylus avellana;27;8,594374186;
Östadkulle;Ö;70-82;thinned;Corylus avellana;16;5,092962481;
Östadkulle;Ö;70-82;thinned;Corylus avellana;18;5,729582791;
Östadkulle;Ö;70-82;thinned;Alnus glutinosa;78;24,82819209;
Östadkulle;Ö;70-82;thinned;Alnus glutinosa;100;31,8310155;
Östadkulle;Ö;70-82;thinned;Alnus glutinosa;94;29,92115457;
Östadkulle;Ö;70-82;thinned;Corylus avellana;21;6,684513256;
Östadkulle;Ö;70-82;thinned;Corylus avellana;19;6,047892946;
Östadkulle;Ö;70-82;thinned;Corylus avellana;20;6,366203101;
Östadkulle;Ö;70-82;thinned;Corylus avellana;21;6,684513256;
Östadkulle;Ö;70-82;thinned;Corylus avellana;29;9,230994496;
Östadkulle;Ö;70-82;thinned;Corylus avellana;17;5,411272636;
Östadkulle;Ö;70-82;thinned;Corylus avellana;18;5,729582791;
Östadkulle;Ö;70-82;thinned;Corylus avellana;20;6,366203101;
Östadkulle;Ö;70-82;thinned;Corylus avellana;21;6,684513256;
Östadkulle;Ö;70-82;thinned;Corylus avellana;23;7,321133566;
Östadkulle;Ö;70-82;thinned;Corylus avellana;22;7,002823411;
Östadkulle;Ö;70-82;thinned;Corylus avellana;16;5,092962481;
Östadkulle;Ö;70-82;thinned;Corylus avellana;17;5,411272636;
Östadkulle;Ö;70-82;thinned;Corylus avellana;17;5,411272636;
Östadkulle;Ö;70-82;thinned;Corylus avellana;18;5,729582791;
Östadkulle;Ö;70-82;thinned;Corylus avellana;25;7,957753876;
Östadkulle;Ö;70-82;thinned;Corylus avellana;20;6,366203101;
Östadkulle;Ö;70-82;thinned;Corylus avellana;17;5,411272636;
Östadkulle;Ö;70-82;thinned;Corylus avellana;17;5,411272636;
Östadkulle;Ö;70-82;thinned;Corylus avellana;27;8,594374186;a bit unsure about species
Östadkulle;Ö;70-82;thinned;Corylus avellana;18;5,729582791;a bit unsure about species
Östadkulle;Ö;70-82;thinned;Corylus avellana;17;5,411272636;
Östadkulle;Ö;70-82;thinned;Corylus avellana;17;5,411272636;
Östadkulle;Ö;70-82;thinned;Corylus avellana;33;10,50423512;
Östadkulle;Ö;70-82;thinned;Corylus avellana;27;8,594374186;
Östadkulle;Ö;70-82;thinned;Corylus avellana;22;7,002823411;
Östadkulle;Ö;70-82;thinned;Corylus avellana;21;6,684513256;
Östadkulle;Ö;70-82;thinned;Corylus avellana;23;7,321133566;
Östadkulle;Ö;70-82;thinned;Corylus avellana;17;5,411272636;
Östadkulle;Ö;70-82;thinned;Corylus avellana;18;5,729582791;
Östadkulle;Ö;70-82;thinned;Tilia cordata;19;6,047892946;
Östadkulle;Ö;70-82;thinned;Tilia cordata;18;5,729582791;
Östadkulle;Ö;70-82;thinned;Corylus avellana;33;10,50423512;
Östadkulle;Ö;70-82;thinned;Corylus avellana;23;7,321133566;
Östadkulle;Ö;70-82;thinned;Corylus avellana;30;9,549304651;
Östadkulle;Ö;70-82;thinned;Corylus avellana;19;6,047892946;
Östadkulle;Ö;70-82;thinned;Corylus avellana;27;8,594374186;
Östadkulle;Ö;70-82;thinned;Corylus avellana;26;8,276064031;
Östadkulle;Ö;70-82;thinned;Corylus avellana;25;7,957753876;
Östadkulle;Ö;70-82;thinned;Corylus avellana;33;10,50423512;
Östadkulle;Ö;70-82;thinned;Corylus avellana;28;8,912684341;
Östadkulle;Ö;70-82;thinned;Corylus avellana;19;6,047892946;
Östadkulle;Ö;70-82;thinned;Corylus avellana;23;7,321133566;
Östadkulle;Ö;70-82;thinned;Corylus avellana;35;11,14085543;
Östadkulle;Ö;70-82;thinned;Corylus avellana;17;5,411272636;
Östadkulle;Ö;70-82;thinned;Corylus avellana;24;7,639443721;
Östadkulle;Ö;70-82;thinned;Corylus avellana;27;8,594374186;
Östadkulle;Ö;70-82;thinned;Corylus avellana;23;7,321133566;
Östadkulle;Ö;70-82;thinned;Corylus avellana;29;9,230994496;
Östadkulle;Ö;70-82;thinned;Corylus avellana;18;5,729582791;
Östadkulle;Ö;70-82;thinned;Tilia cordata;48;15,27888744;(photos 13.18)
Östadkulle;Ö;70-82;thinned;Tilia cordata;33;10,50423512;(photos 13.18)
Östadkulle;Ö;70-82;thinned;Tilia cordata;21;6,684513256;(photos 13.18)
Östadkulle;Ö;70-82;thinned;Tilia cordata;25;7,957753876;(photos 13.18)
Östadkulle;Ö;70-82;thinned;Tilia cordata;25;7,957753876;(photos 13.18)
Östadkulle;Ö;70-82;thinned;Tilia cordata;28;8,912684341;(photos 13.18)
Östadkulle;Ö;70-82;thinned;Tilia cordata;19;6,047892946;(photos 13.18)
Östadkulle;Ö;70-82;thinned;Tilia cordata;27;8,594374186;(photos 13.18)
Östadkulle;Ö;70-82;thinned;Tilia cordata;99;31,51270535;(photos 13.21/13.22)
Östadkulle;Ö;70-82;thinned;Corylus avellana;17;5,411272636;
Östadkulle;Ö;70-82;thinned;Corylus avellana;17;5,411272636;
Östadkulle;Ö;70-82;thinned;Corylus avellana;18;5,729582791;
Östadkulle;Ö;70-82;thinned;Corylus avellana;32;10,18592496;
Östadkulle;Ö;70-82;thinned;Tilia cordata;75;23,87326163;
Östadkulle;Ö;70-82;thinned;Quercus sp.;201;63,98034116;
Östadkulle;Ö;70-82;thinned;Quercus sp.;241;76,71274737;
Östadkulle;Ö;70-82;thinned;Corylus avellana;45;14,32395698;
Östadkulle;Ö;70-82;thinned;Alnus glutinosa;40;12,7324062;
Östadkulle;Ö;70-82;thinned;Alnus glutinosa;29;9,230994496;
Östadkulle;Ö;70-82;thinned;Quercus sp.;167;53,15779589;
Östadkulle;Ö;70-82;thinned;Alnus glutinosa;106;33,74087644;
Östadkulle;Ö;70-82;thinned;Sorbus aucuparia;34;10,82254527;
Östadkulle;Ö;70-82;thinned;Sorbus aucuparia;18;5,729582791;
Östadkulle;Ö;70-82;thinned;Sorbus aucuparia;47;14,96057729;
Östadkulle;Ö;70-82;thinned;Corylus avellana;16;5,092962481;
Östadkulle;Ö;70-82;thinned;Corylus avellana;19;6,047892946;
Östadkulle;V;70-82;control;Sorbus aucuparia;51;16,23381791;
Östadkulle;V;70-82;control;Quercus sp.;168;53,47610605;
Östadkulle;V;70-82;control;Quercus sp.;172;54,74934667;
Östadkulle;V;70-82;control;Corylus avellana;35;11,14085543;
Östadkulle;V;70-82;control;Corylus avellana;18;5,729582791;
Östadkulle;V;70-82;control;Corylus avellana;23;7,321133566;
Östadkulle;V;70-82;control;Corylus avellana;25;7,957753876;
Östadkulle;V;70-82;control;Corylus avellana;21;6,684513256;
Östadkulle;V;70-82;control;Corylus avellana;22;7,002823411;
Östadkulle;V;70-82;control;Corylus avellana;34;10,82254527;
Östadkulle;V;70-82;control;Quercus sp.;76;24,19157178;
Östadkulle;V;70-82;control;Corylus avellana;27;8,594374186;
Östadkulle;V;70-82;control;Quercus sp.;119;37,87890845;
Östadkulle;V;70-82;control;Corylus avellana;26;8,276064031;
Östadkulle;V;70-82;control;Corylus avellana;30;9,549304651;
Östadkulle;V;70-82;control;Picea abies;23;7,321133566;
Östadkulle;V;70-82;control;Picea abies;19;6,047892946;
Östadkulle;V;70-82;control;Alnus glutinosa;76;24,19157178;
Östadkulle;V;70-82;control;Corylus avellana;18;5,729582791;
Östadkulle;V;70-82;control;Corylus avellana;17;5,411272636;
Östadkulle;V;70-82;control;Sorbus aucuparia;52;16,55212806;
Östadkulle;V;70-82;control;Sorbus aucuparia;38;12,09578589;
Östadkulle;V;70-82;control;Picea abies;19;6,047892946;
Östadkulle;V;70-82;control;Corylus avellana;22;7,002823411;
Östadkulle;V;70-82;control;Corylus avellana;32;10,18592496;
Östadkulle;V;70-82;control;Sorbus aucuparia;67;21,32678039;
Östadkulle;V;70-82;control;Fraxinus excelsior;64;20,37184992;halvdöd, skott från stamm
Östadkulle;V;70-82;control;Corylus avellana;23;7,321133566;
Östadkulle;V;70-82;control;Corylus avellana;25;7,957753876;
Östadkulle;V;70-82;control;Corylus avellana;38;12,09578589;mycket svamp, halvdöd, skott från stammen
Östadkulle;V;70-82;control;Sorbus aucuparia;30;9,549304651;
Östadkulle;V;70-82;control;Quercus sp.;254;80,85077938;
Östadkulle;V;70-82;control;Corylus avellana;30;9,549304651;
Östadkulle;V;70-82;control;Corylus avellana;24;7,639443721;
Östadkulle;V;70-82;control;Quercus sp.;204;64,93527163;
Östadkulle;V;70-82;control;Picea abies;153;48,70145372;
Östadkulle;V;70-82;control;Picea abies;201;63,98034116;
Östadkulle;V;70-82;control;Corylus avellana;33;10,50423512;
Östadkulle;V;70-82;control;Corylus avellana;16;5,092962481;
Östadkulle;V;70-82;control;Corylus avellana;19;6,047892946;
Östadkulle;V;70-82;control;Corylus avellana;33;10,50423512;
Östadkulle;V;70-82;control;Corylus avellana;22;7,002823411;a bit unsure about species
Östadkulle;V;70-82;control;Corylus avellana;17;5,411272636;
Östadkulle;V;70-82;control;Betula sp.;84;26,73805302;
Östadkulle;V;70-82;control;Picea abies;22;7,002823411;
Östadkulle;V;70-82;control;Corylus avellana;22;7,002823411;
Östadkulle;V;70-82;control;Picea abies;192;61,11554977;
Östadkulle;V;70-82;control;Corylus avellana;21;6,684513256;
Östadkulle;V;70-82;control;Alnus glutinosa;91;28,96622411;
Östadkulle;V;70-82;control;Corylus avellana;20;6,366203101;
Östadkulle;V;70-82;control;Corylus avellana;31;9,867614807;
Östadkulle;V;70-82;control;Corylus avellana;16;5,092962481;
Östadkulle;V;70-82;control;Corylus avellana;28;8,912684341;
Östadkulle;V;70-82;control;Corylus avellana;24;7,639443721;
Östadkulle;V;70-82;control;Corylus avellana;17;5,411272636;
Östadkulle;V;70-82;control;Picea abies;20;6,366203101;
Östadkulle;V;70-82;control;Sorbus aucuparia;26;8,276064031;
Östadkulle;V;70-82;control;Quercus sp.;77;24,50988194;
Östadkulle;V;70-82;control;Sorbus aucuparia;30;9,549304651;
Östadkulle;V;70-82;control;Quercus sp.;59;18,78029915;
Östadkulle;V;70-82;control;Corylus avellana;17;5,411272636;
Östadkulle;V;70-82;control;Corylus avellana;20;6,366203101;
Östadkulle;V;70-82;control;Corylus avellana;16;5,092962481;
Östadkulle;V;70-82;control;Corylus avellana;32;10,18592496;mycket svamp, halvdöd, skott från stammen
Östadkulle;V;70-82;control;Corylus avellana;17;5,411272636;
Östadkulle;V;70-82;control;Corylus avellana;42;13,36902651;
Östadkulle;V;70-82;control;Corylus avellana;24;7,639443721;
Östadkulle;V;70-82;control;Corylus avellana;16;5,092962481;
Östadkulle;V;70-82;control;Corylus avellana;30;9,549304651;
Östadkulle;V;70-82;control;Fraxinus excelsior;64;20,37184992;
Östadkulle;V;70-82;control;Quercus sp.;180;57,29582791;
Östadkulle;V;70-82;control;Betula sp.;62;19,73522961;
Östadkulle;V;70-82;control;Quercus sp.;109;34,6958069;
Östadkulle;V;70-82;control;Corylus avellana;25;7,957753876;
Östadkulle;V;70-82;control;Corylus avellana;20;6,366203101;
Östadkulle;V;70-82;control;Corylus avellana;16;5,092962481;
Östadkulle;V;70-82;control;Picea abies;56;17,82536868;
Östadkulle;V;70-82;control;Quercus sp.;67;21,32678039;barkskada
Östadkulle;V;70-82;control;Alnus glutinosa;126;40,10707954;
Östadkulle;V;70-82;control;Sorbus aucuparia;26;8,276064031;
Östadkulle;V;70-82;control;Corylus avellana;19;6,047892946;
Östadkulle;V;70-82;control;Sorbus aucuparia;35;11,14085543;
Östadkulle;V;70-82;control;Fraxinus excelsior;27;8,594374186;
Östadkulle;V;70-82;control;Corylus avellana;16;5,092962481;
Östadkulle;V;70-82;control;Corylus avellana;16;5,092962481;
Östadkulle;V;70-82;control;Picea abies;63;20,05353977;
Östadkulle;V;70-82;control;Betula sp.;108;34,37749675;
Östadkulle;V;70-82;control;Sorbus aucuparia;40;12,7324062;
Östadkulle;V;70-82;control;Sorbus aucuparia;18;5,729582791;
Östadkulle;V;70-82;control;Picea abies;29;9,230994496;
Östadkulle;V;70-82;control;Corylus avellana;21;6,684513256;
Östadkulle;V;70-82;control;Quercus sp.;214;68,11837318;
Östadkulle;V;70-82;control;Fraxinus excelsior;24;7,639443721;
Östadkulle;V;70-82;control;Picea abies;28;8,912684341;
Östadkulle;V;70-82;control;Quercus sp.;184;58,56906853;
Östadkulle;V;70-82;control;Corylus avellana;29;9,230994496;
Östadkulle;V;70-82;control;Corylus avellana;32;10,18592496;
Östadkulle;V;70-82;control;Picea abies;21;6,684513256;
Östadkulle;V;70-82;control;Picea abies;29;9,230994496;
Östadkulle;V;70-82;control;Picea abies;21;6,684513256;
